id;target_kind;target_id;seq_number;payload
1;separate out;derby lest mothball;8847;../fake-data/blob/hipster.txt
2;afore;paltry bitterly;23523;../fake-data/blob/hipster.txt
3;blend since;excepting;20287;../fake-data/blob/hipster.txt
4;come roughly around;energetically clearly;5549;../fake-data/blob/hipster.txt
5;overfeed;unlike skeletal;5806;../fake-data/blob/hipster.txt
6;forenenst next quadruple;why widow;28983;../fake-data/blob/hipster.txt
7;maroon;deficient;4446;../fake-data/blob/hipster.txt
8;beyond;ew;28607;../fake-data/blob/hipster.txt
9;apud;amid;2730;../fake-data/blob/hipster.txt
10;despite;holster;11695;../fake-data/blob/hipster.txt
