id;actor;action;target;details;result;at
1;gah long;onto triumphantly happily;fiercely;../fake-data/blob/hipster.txt;wherever;2025-09-01T00:26:53
2;vain eventually aha;plus aha;materialise aha though;../fake-data/blob/hipster.txt;yesterday pace coaxingly;2025-08-31T19:02:50
3;upright incidentally chromakey;intellect within fooey;made-up;../fake-data/blob/hipster.txt;vanish down than;2025-08-31T13:42:11
4;knowingly eventually incomparable;who yuck sore;offensively;../fake-data/blob/hipster.txt;catalog greedy mummify;2025-08-31T19:59:53
5;hmph seagull;where axe;until carelessly;../fake-data/blob/hipster.txt;epic;2025-09-01T08:55:09
6;handsome;enhance;disadvantage;../fake-data/blob/hipster.txt;while;2025-09-01T01:57:37
7;unexpectedly vibration;ribbon valuable;adjourn;../fake-data/blob/hipster.txt;to;2025-08-31T12:00:02
8;whose whoa so;joyously relaunch enroll;sheepishly venture quadruple;../fake-data/blob/hipster.txt;wherever amongst coal;2025-08-31T19:08:29
9;gnash;mid ferociously;throughout;../fake-data/blob/hipster.txt;around verve;2025-08-31T19:33:40
10;cow meanwhile;fumigate mockingly;supposing eek into;../fake-data/blob/hipster.txt;prestigious;2025-09-01T03:58:57
